image_path,recognized_text,mean_confidence,error
"lib/training data/IMG_3085 2.jpeg","the
MEL
the cream
253
253
the cream?
the crea
SA'S*
1 SA'S*
•#1!
CUSTARD
CUSTARD
a#11
SA'S*
CUSTARD |
a#11
la Flavoured Custard
Vanilla Flavoured Custard
Vanilla Flavoured Custard
Vanilla Flavoured Custard
Vanilla Flavou
Creme Sabor Baunilha /
Creme Sabor Baunilha /
Crème anglaise aromatisée à la vanille
Sweetened / Açucarado / Sucré
1 kg
Crème anglaise aromatisée à la vanille
Creme Sabor Baunilha /
Sweetened / Açucarado / Sucré
1 kg
Crème anglaise aromatisée à la vanille
Creme Sabor Baunilha /
Creme Sabor
Sweetened / Açucarado / Sucré
Crème anglaise aromatisée à la vanille
Sweetened / Aquc
SWIPE & SAVE
SAVE
24°9
NONe.
DI
WITH CARD
TRA SAVINGS
R15
NORMAL PRICE:
CUSTARD UHT
3999
SHOPRITE
RA
UL
ULTRAMEL 1KG
ASSORTED
VALID UNTIL 11 OCTO
MEL
IVEL
MEL
2X
The cream?
253
the cream'
the cream?
the cream?
CUSTARD
noured (
lanilla Flavoured Custard
1 SA'S*
•#11
A SA'S*
Leite Creme Com Sabor a Baunilha/
CUSTARD
CUSTARD
•#1
SA'S*
CUSTARD I
11
Sweetened / Adoçado / Edulcoré
Crème Anglaise à La Vanille
Vanilla Flavoured Custard
Vanilla Flavoured Custard
Vanilla Flavoured Custard
1 kg
Leite Creme Com Sabor a Baunilha /
Crème Angl
1 kg
Leite Creme Com Sabor a Baunilha /
Sweetened /Adoçado / Edulcoré
Crème Anglaise à La Vanille
1 kg
Leite Creme Com Sabor a Baunilha /
Sweetened / Adoçado / Edulcoré
Crème Anglaise à La Vanille
1 kg
flavoured
vanilla
vanilla
custard
parmalat
flavoured
vanilla
custard
flavoure
d
vanilla
parmalat
custard
parmalat
flavoured
vanilla
custard
parmalat
flavoured
vanilla
custard
parmalat
flavoured
custard
parmalat","0.554",""
"lib/training data/IMG_3085 3.jpeg","the
MEL
the cream
253
253
the cream?
the crea
SA'S*
1 SA'S*
•#1!
CUSTARD
CUSTARD
a#11
SA'S*
CUSTARD |
a#11
la Flavoured Custard
Vanilla Flavoured Custard
Vanilla Flavoured Custard
Vanilla Flavoured Custard
Vanilla Flavou
Creme Sabor Baunilha /
Creme Sabor Baunilha /
Crème anglaise aromatisée à la vanille
Sweetened / Açucarado / Sucré
1 kg
Crème anglaise aromatisée à la vanille
Creme Sabor Baunilha /
Sweetened / Açucarado / Sucré
1 kg
Crème anglaise aromatisée à la vanille
Creme Sabor Baunilha /
Creme Sabor
Sweetened / Açucarado / Sucré
Crème anglaise aromatisée à la vanille
Sweetened / Aquc
SWIPE & SAVE
SAVE
24°9
NONe.
DI
WITH CARD
TRA SAVINGS
R15
NORMAL PRICE:
CUSTARD UHT
3999
SHOPRITE
RA
UL
ULTRAMEL 1KG
ASSORTED
VALID UNTIL 11 OCTO
MEL
IVEL
MEL
2X
The cream?
253
the cream'
the cream?
the cream?
CUSTARD
noured (
lanilla Flavoured Custard
1 SA'S*
•#11
A SA'S*
Leite Creme Com Sabor a Baunilha/
CUSTARD
CUSTARD
•#1
SA'S*
CUSTARD I
11
Sweetened / Adoçado / Edulcoré
Crème Anglaise à La Vanille
Vanilla Flavoured Custard
Vanilla Flavoured Custard
Vanilla Flavoured Custard
1 kg
Leite Creme Com Sabor a Baunilha /
Crème Angl
1 kg
Leite Creme Com Sabor a Baunilha /
Sweetened /Adoçado / Edulcoré
Crème Anglaise à La Vanille
1 kg
Leite Creme Com Sabor a Baunilha /
Sweetened / Adoçado / Edulcoré
Crème Anglaise à La Vanille
1 kg
flavoured
vanilla
vanilla
custard
parmalat
flavoured
vanilla
custard
flavoure
d
vanilla
parmalat
custard
parmalat
flavoured
vanilla
custard
parmalat
flavoured
vanilla
custard
parmalat
flavoured
custard
parmalat","0.554",""
"lib/training data/IMG_3085 4.jpeg","the
MEL
the cream
253
253
the cream?
the crea
SA'S*
1 SA'S*
•#1!
CUSTARD
CUSTARD
a#11
SA'S*
CUSTARD |
a#11
la Flavoured Custard
Vanilla Flavoured Custard
Vanilla Flavoured Custard
Vanilla Flavoured Custard
Vanilla Flavou
Creme Sabor Baunilha /
Creme Sabor Baunilha /
Crème anglaise aromatisée à la vanille
Sweetened / Açucarado / Sucré
1 kg
Crème anglaise aromatisée à la vanille
Creme Sabor Baunilha /
Sweetened / Açucarado / Sucré
1 kg
Crème anglaise aromatisée à la vanille
Creme Sabor Baunilha /
Creme Sabor
Sweetened / Açucarado / Sucré
Crème anglaise aromatisée à la vanille
Sweetened / Aquc
SWIPE & SAVE
SAVE
24°9
NONe.
DI
WITH CARD
TRA SAVINGS
R15
NORMAL PRICE:
CUSTARD UHT
3999
SHOPRITE
RA
UL
ULTRAMEL 1KG
ASSORTED
VALID UNTIL 11 OCTO
MEL
IVEL
MEL
2X
The cream?
253
the cream'
the cream?
the cream?
CUSTARD
noured (
lanilla Flavoured Custard
1 SA'S*
•#11
A SA'S*
Leite Creme Com Sabor a Baunilha/
CUSTARD
CUSTARD
•#1
SA'S*
CUSTARD I
11
Sweetened / Adoçado / Edulcoré
Crème Anglaise à La Vanille
Vanilla Flavoured Custard
Vanilla Flavoured Custard
Vanilla Flavoured Custard
1 kg
Leite Creme Com Sabor a Baunilha /
Crème Angl
1 kg
Leite Creme Com Sabor a Baunilha /
Sweetened /Adoçado / Edulcoré
Crème Anglaise à La Vanille
1 kg
Leite Creme Com Sabor a Baunilha /
Sweetened / Adoçado / Edulcoré
Crème Anglaise à La Vanille
1 kg
flavoured
vanilla
vanilla
custard
parmalat
flavoured
vanilla
custard
flavoure
d
vanilla
parmalat
custard
parmalat
flavoured
vanilla
custard
parmalat
flavoured
vanilla
custard
parmalat
flavoured
custard
parmalat","0.554",""
"lib/training data/IMG_3085.jpeg","the
MEL
the cream
253
253
the cream?
the crea
SA'S*
1 SA'S*
•#1!
CUSTARD
CUSTARD
a#11
SA'S*
CUSTARD |
a#11
la Flavoured Custard
Vanilla Flavoured Custard
Vanilla Flavoured Custard
Vanilla Flavoured Custard
Vanilla Flavou
Creme Sabor Baunilha /
Creme Sabor Baunilha /
Crème anglaise aromatisée à la vanille
Sweetened / Açucarado / Sucré
1 kg
Crème anglaise aromatisée à la vanille
Creme Sabor Baunilha /
Sweetened / Açucarado / Sucré
1 kg
Crème anglaise aromatisée à la vanille
Creme Sabor Baunilha /
Creme Sabor
Sweetened / Açucarado / Sucré
Crème anglaise aromatisée à la vanille
Sweetened / Aquc
SWIPE & SAVE
SAVE
24°9
NONe.
DI
WITH CARD
TRA SAVINGS
R15
NORMAL PRICE:
CUSTARD UHT
3999
SHOPRITE
RA
UL
ULTRAMEL 1KG
ASSORTED
VALID UNTIL 11 OCTO
MEL
IVEL
MEL
2X
The cream?
253
the cream'
the cream?
the cream?
CUSTARD
noured (
lanilla Flavoured Custard
1 SA'S*
•#11
A SA'S*
Leite Creme Com Sabor a Baunilha/
CUSTARD
CUSTARD
•#1
SA'S*
CUSTARD I
11
Sweetened / Adoçado / Edulcoré
Crème Anglaise à La Vanille
Vanilla Flavoured Custard
Vanilla Flavoured Custard
Vanilla Flavoured Custard
1 kg
Leite Creme Com Sabor a Baunilha /
Crème Angl
1 kg
Leite Creme Com Sabor a Baunilha /
Sweetened /Adoçado / Edulcoré
Crème Anglaise à La Vanille
1 kg
Leite Creme Com Sabor a Baunilha /
Sweetened / Adoçado / Edulcoré
Crème Anglaise à La Vanille
1 kg
flavoured
vanilla
vanilla
custard
parmalat
flavoured
vanilla
custard
flavoure
d
vanilla
parmalat
custard
parmalat
flavoured
vanilla
custard
parmalat
flavoured
vanilla
custard
parmalat
flavoured
custard
parmalat","0.554",""
"lib/training data/IMG_3086 2.jpeg","ly
Jelly
Jelly
Jelly
AGE FLAVOURED
GREENGAGE FLAVOURED
RITEBRAND
GREENGAGE FLAVOURED
RITEBRAND
BLUEBERRY FLAVOURED
GELATNA SABOR A RANHA-CLAUDIA
RITEBRAND
GELATINA SABOR A MIRTLO
QUALITY
BACK
PROMISE
QUALITY
80 g
PROMISE
MONEY
MONEY
80
PROMISE
QUALITY
BACK
PROMISE
999
LOW
Jell
PRICE
PINEAPPI
RITEBRAND
JELLY
ASSORTED
RITEBRAND 80G
OR
RITEBRAND
80 g
PROMISE
80 g
PROMISE
RIT
FROM GE
80 g
80 g
80G RAND
RAPPLE
999g
Jelly
Grape Fa
Jelly
Grape Pla
RITEBRAND
GRAPE FLAVOURED
Jelly
Jelly
RITEBRAND
GRAPE FLAVOURED
GRAPE FLAVOURED
RITEBRAND
GRAPE FLAVOURED
Jell
RITEBRAND
RITEBRAND
GRAPE FLAVO
80 g
999
Jelly
MOIR'S
MOIR'S
jelly
MOIR'S
MOIR'S
jelly
jelly
jelly
MOIR'S
jelly
ORANGE FLAVOURED
jelly
ORANGE FLAVOURID
ORANGE FLAVOURED
lly
jellu
MORKS
МОГ","0.969",""
"lib/training data/IMG_3086 3.jpeg","ly
Jelly
Jelly
Jelly
AGE FLAVOURED
GREENGAGE FLAVOURED
RITEBRAND
GREENGAGE FLAVOURED
RITEBRAND
BLUEBERRY FLAVOURED
GELATNA SABOR A RANHA-CLAUDIA
RITEBRAND
GELATINA SABOR A MIRTLO
QUALITY
BACK
PROMISE
QUALITY
80 g
PROMISE
MONEY
MONEY
80
PROMISE
QUALITY
BACK
PROMISE
999
LOW
Jell
PRICE
PINEAPPI
RITEBRAND
JELLY
ASSORTED
RITEBRAND 80G
OR
RITEBRAND
80 g
PROMISE
80 g
PROMISE
RIT
FROM GE
80 g
80 g
80G RAND
RAPPLE
999g
Jelly
Grape Fa
Jelly
Grape Pla
RITEBRAND
GRAPE FLAVOURED
Jelly
Jelly
RITEBRAND
GRAPE FLAVOURED
GRAPE FLAVOURED
RITEBRAND
GRAPE FLAVOURED
Jell
RITEBRAND
RITEBRAND
GRAPE FLAVO
80 g
999
Jelly
MOIR'S
MOIR'S
jelly
MOIR'S
MOIR'S
jelly
jelly
jelly
MOIR'S
jelly
ORANGE FLAVOURED
jelly
ORANGE FLAVOURID
ORANGE FLAVOURED
lly
jellu
MORKS
МОГ","0.969",""
"lib/training data/IMG_3086 4.jpeg","ly
Jelly
Jelly
Jelly
AGE FLAVOURED
GREENGAGE FLAVOURED
RITEBRAND
GREENGAGE FLAVOURED
RITEBRAND
BLUEBERRY FLAVOURED
GELATNA SABOR A RANHA-CLAUDIA
RITEBRAND
GELATINA SABOR A MIRTLO
QUALITY
BACK
PROMISE
QUALITY
80 g
PROMISE
MONEY
MONEY
80
PROMISE
QUALITY
BACK
PROMISE
999
LOW
Jell
PRICE
PINEAPPI
RITEBRAND
JELLY
ASSORTED
RITEBRAND 80G
OR
RITEBRAND
80 g
PROMISE
80 g
PROMISE
RIT
FROM GE
80 g
80 g
80G RAND
RAPPLE
999g
Jelly
Grape Fa
Jelly
Grape Pla
RITEBRAND
GRAPE FLAVOURED
Jelly
Jelly
RITEBRAND
GRAPE FLAVOURED
GRAPE FLAVOURED
RITEBRAND
GRAPE FLAVOURED
Jell
RITEBRAND
RITEBRAND
GRAPE FLAVO
80 g
999
Jelly
MOIR'S
MOIR'S
jelly
MOIR'S
MOIR'S
jelly
jelly
jelly
MOIR'S
jelly
ORANGE FLAVOURED
jelly
ORANGE FLAVOURID
ORANGE FLAVOURED
lly
jellu
MORKS
МОГ","0.969",""
"lib/training data/IMG_3086 5.jpeg","ly
Jelly
Jelly
Jelly
AGE FLAVOURED
GREENGAGE FLAVOURED
RITEBRAND
GREENGAGE FLAVOURED
RITEBRAND
BLUEBERRY FLAVOURED
GELATNA SABOR A RANHA-CLAUDIA
RITEBRAND
GELATINA SABOR A MIRTLO
QUALITY
BACK
PROMISE
QUALITY
80 g
PROMISE
MONEY
MONEY
80
PROMISE
QUALITY
BACK
PROMISE
999
LOW
Jell
PRICE
PINEAPPI
RITEBRAND
JELLY
ASSORTED
RITEBRAND 80G
OR
RITEBRAND
80 g
PROMISE
80 g
PROMISE
RIT
FROM GE
80 g
80 g
80G RAND
RAPPLE
999g
Jelly
Grape Fa
Jelly
Grape Pla
RITEBRAND
GRAPE FLAVOURED
Jelly
Jelly
RITEBRAND
GRAPE FLAVOURED
GRAPE FLAVOURED
RITEBRAND
GRAPE FLAVOURED
Jell
RITEBRAND
RITEBRAND
GRAPE FLAVO
80 g
999
Jelly
MOIR'S
MOIR'S
jelly
MOIR'S
MOIR'S
jelly
jelly
jelly
MOIR'S
jelly
ORANGE FLAVOURED
jelly
ORANGE FLAVOURID
ORANGE FLAVOURED
lly
jellu
MORKS
МОГ","0.969",""
"lib/training data/IMG_3086.jpeg","ly
Jelly
Jelly
Jelly
AGE FLAVOURED
GREENGAGE FLAVOURED
RITEBRAND
GREENGAGE FLAVOURED
RITEBRAND
BLUEBERRY FLAVOURED
GELATNA SABOR A RANHA-CLAUDIA
RITEBRAND
GELATINA SABOR A MIRTLO
QUALITY
BACK
PROMISE
QUALITY
80 g
PROMISE
MONEY
MONEY
80
PROMISE
QUALITY
BACK
PROMISE
999
LOW
Jell
PRICE
PINEAPPI
RITEBRAND
JELLY
ASSORTED
RITEBRAND 80G
OR
RITEBRAND
80 g
PROMISE
80 g
PROMISE
RIT
FROM GE
80 g
80 g
80G RAND
RAPPLE
999g
Jelly
Grape Fa
Jelly
Grape Pla
RITEBRAND
GRAPE FLAVOURED
Jelly
Jelly
RITEBRAND
GRAPE FLAVOURED
GRAPE FLAVOURED
RITEBRAND
GRAPE FLAVOURED
Jell
RITEBRAND
RITEBRAND
GRAPE FLAVO
80 g
999
Jelly
MOIR'S
MOIR'S
jelly
MOIR'S
MOIR'S
jelly
jelly
jelly
MOIR'S
jelly
ORANGE FLAVOURED
jelly
ORANGE FLAVOURID
ORANGE FLAVOURED
lly
jellu
MORKS
МОГ","0.969",""
"lib/training data/IMG_3087 2.jpeg","E GRADE
CHOICE GEL
CHOICE GRADE
KOO
KOO
Est. 1940
Est. 1940
KOO
PESSEGO EM FATIAS EM CALDI
Only the best wil fole
Ory the best will do!
Est. 1940
PEACH SLICES
PEACH SLICES
Only the best wilde.
IN SYRUP
IN SYRUP
PEACH SLICES
024153
GROWN
AN SYRUP
PE/
LOCALLY
LOCALLY
GROWN
GROWN
LOCALLY
GROWN
LOCALLY
410 g =
240 g
240 gE
SAVE
SWIPE & SAVE
ICE GRADE
NOW
2299
R7
WITH CARD
TRA SAVINGS
NORMAL PRICE:
CANNED FRUIT
2999
KOO 410G
ASSORTED
SHOPRITE
VALID UNTIL 11 OCTOREP Y
LOCALLY
GROWN
LOCALLY
GROWN
410 g
240 g
240 g
4109
240-3
KOO
KOO
KOO
Bt 1040
KOO
KOO
TACH HALVES
Кал 18ad
Ear. 1940
*INA COOL DRY C
IN SYRUP
MACH HALVES
IN SYRUP
PEACH HALVES
IN SYRUP
PEACH HALVES
PEACH HALVES
IN SYRUP
IN SYRUP","0.961",""
"lib/training data/IMG_3087 3.jpeg","E GRADE
CHOICE GEL
CHOICE GRADE
KOO
KOO
Est. 1940
Est. 1940
KOO
PESSEGO EM FATIAS EM CALDI
Only the best wil fole
Ory the best will do!
Est. 1940
PEACH SLICES
PEACH SLICES
Only the best wilde.
IN SYRUP
IN SYRUP
PEACH SLICES
024153
GROWN
AN SYRUP
PE/
LOCALLY
LOCALLY
GROWN
GROWN
LOCALLY
GROWN
LOCALLY
410 g =
240 g
240 gE
SAVE
SWIPE & SAVE
ICE GRADE
NOW
2299
R7
WITH CARD
TRA SAVINGS
NORMAL PRICE:
CANNED FRUIT
2999
KOO 410G
ASSORTED
SHOPRITE
VALID UNTIL 11 OCTOREP Y
LOCALLY
GROWN
LOCALLY
GROWN
410 g
240 g
240 g
4109
240-3
KOO
KOO
KOO
Bt 1040
KOO
KOO
TACH HALVES
Кал 18ad
Ear. 1940
*INA COOL DRY C
IN SYRUP
MACH HALVES
IN SYRUP
PEACH HALVES
IN SYRUP
PEACH HALVES
PEACH HALVES
IN SYRUP
IN SYRUP","0.961",""
"lib/training data/IMG_3087 4.jpeg","E GRADE
CHOICE GEL
CHOICE GRADE
KOO
KOO
Est. 1940
Est. 1940
KOO
PESSEGO EM FATIAS EM CALDI
Only the best wil fole
Ory the best will do!
Est. 1940
PEACH SLICES
PEACH SLICES
Only the best wilde.
IN SYRUP
IN SYRUP
PEACH SLICES
024153
GROWN
AN SYRUP
PE/
LOCALLY
LOCALLY
GROWN
GROWN
LOCALLY
GROWN
LOCALLY
410 g =
240 g
240 gE
SAVE
SWIPE & SAVE
ICE GRADE
NOW
2299
R7
WITH CARD
TRA SAVINGS
NORMAL PRICE:
CANNED FRUIT
2999
KOO 410G
ASSORTED
SHOPRITE
VALID UNTIL 11 OCTOREP Y
LOCALLY
GROWN
LOCALLY
GROWN
410 g
240 g
240 g
4109
240-3
KOO
KOO
KOO
Bt 1040
KOO
KOO
TACH HALVES
Кал 18ad
Ear. 1940
*INA COOL DRY C
IN SYRUP
MACH HALVES
IN SYRUP
PEACH HALVES
IN SYRUP
PEACH HALVES
PEACH HALVES
IN SYRUP
IN SYRUP","0.961",""
"lib/training data/IMG_3087.jpeg","E GRADE
CHOICE GEL
CHOICE GRADE
KOO
KOO
Est. 1940
Est. 1940
KOO
PESSEGO EM FATIAS EM CALDI
Only the best wil fole
Ory the best will do!
Est. 1940
PEACH SLICES
PEACH SLICES
Only the best wilde.
IN SYRUP
IN SYRUP
PEACH SLICES
024153
GROWN
AN SYRUP
PE/
LOCALLY
LOCALLY
GROWN
GROWN
LOCALLY
GROWN
LOCALLY
410 g =
240 g
240 gE
SAVE
SWIPE & SAVE
ICE GRADE
NOW
2299
R7
WITH CARD
TRA SAVINGS
NORMAL PRICE:
CANNED FRUIT
2999
KOO 410G
ASSORTED
SHOPRITE
VALID UNTIL 11 OCTOREP Y
LOCALLY
GROWN
LOCALLY
GROWN
410 g
240 g
240 g
4109
240-3
KOO
KOO
KOO
Bt 1040
KOO
KOO
TACH HALVES
Кал 18ad
Ear. 1940
*INA COOL DRY C
IN SYRUP
MACH HALVES
IN SYRUP
PEACH HALVES
IN SYRUP
PEACH HALVES
PEACH HALVES
IN SYRUP
IN SYRUP","0.961",""
"lib/training data/IMG_3088 2.jpeg","ewed
Pread
am?
VITAMINS A & O
Ramu
103%
4999
882 210
NEW
SPREAD FOR BRD
37% FAT
RAMA
1KG TUB
5.00 PER 100G
SOURCE OF VITAMINS A G D
37% Fat Spread
Spread for Bread
am?
Pred
aci
ADD
Rama.
na","0.935",""
"lib/training data/IMG_3088 3.jpeg","ewed
Pread
am?
VITAMINS A & O
Ramu
103%
4999
882 210
NEW
SPREAD FOR BRD
37% FAT
RAMA
1KG TUB
5.00 PER 100G
SOURCE OF VITAMINS A G D
37% Fat Spread
Spread for Bread
am?
predadfor Bread
aci
ADD
Rama.
na","0.957",""
"lib/training data/IMG_3088.jpeg","ewed
Pread
am?
VITAMINS A & O
Ramu
103%
4999
882 210
NEW
SPREAD FOR BRD
37% FAT
RAMA
1KG TUB
5.00 PER 100G
SOURCE OF VITAMINS A G D
37% Fat Spread
Spread for Bread
am?
predadfor Bread
aci
ADD
Rama.
na","0.957",""
"lib/training data/IMG_3089 2.jpeg","THIRSTI 1.5L BOT
ASSORTED
SPARKING DRINK
PRI
2199
LO
S
FLAVOURE
LITOR
TAKE
19880
243358
ervative
amy saccharin
lers
Pres","0.938",""
"lib/training data/IMG_3089 3.jpeg","THIRSTI 1.5L BOT
ASSORTED
SPARKING DRINK
PRI
2199
LO
S
FLAVOURE
LITOR
TAKE
19880
243358
ervative
amy saccharin
lers
Pres","0.938",""
"lib/training data/IMG_3089.jpeg","THIRSTI 1.5L BOT
ASSORTED
SPARKING DRINK
PRI
2199
LO
S
FLAVOURE
LITOR
TAKE
19880
243358
ervative
amy saccharin
lers
Pres","0.938",""
"lib/training data/IMG_3090 2.jpeg","LEOE VERA ORIN
RINK
PRICE
each
99
LOW
SPARCTING
FLAVOUR
LITCH
LITCHI","0.900",""
"lib/training data/IMG_3090 3.jpeg","LEOE VERA ORIN
RINK
PRICE
each
99
LOW
SPARCTING
FLAVOUR
LITCH
LITCHI","0.900",""
"lib/training data/IMG_3090 4.jpeg","LEOE VERA ORIN
RINK
PRICE
each
99
LOW
SPARCTING
FLAVOUR
LITCH
LITCHI","0.900",""
"lib/training data/IMG_3090.jpeg","LEOE VERA ORIN
RINK
PRICE
each
99
LOW
SPARCTING
FLAVOUR
LITCH
LITCHI","0.900",""
"lib/training data/IMG_3091 2.jpeg","BERR
FLAVO
URED
LOW FAT
DRINKING
DAIRY
KING
SNACK
IOGURTE DE BEBER - MORAN
YAOURT À BOIRE -FRALIE
R - MORANGO
E-FRAISE
IOGU
YAL
E
D-SNACK DRINK
STRAWBERRY
D-SNACK DRIN
6009708463661
TROPIKA
2199
CHOC CHIP
450G BOT
6001299030079
TROPIKA
4.89 PER 100G
10904669
450G BOT
4.89 PER 100G
42 10
02/09","0.655",""
"lib/training data/IMG_3091.jpeg","BERR
FLAVO
URED
LOW FAT
DRINKING
DAIRY
KING
SNACK
IOGURTE DE BEBER - MORAN
YAOURT À BOIRE -FRALIE
R - MORANGO
E-FRAISE
IOGU
YAL
E
D-SNACK DRINK
STRAWBERRY
D-SNACK DRIN
6009708463661
TROPIKA
2199
CHOC CHIP
450G BOT
6001299030079
TROPIKA
4.89 PER 100G
10904669
450G BOT
4.89 PER 100G
42 10
02/09","0.655",""
"lib/training data/IMG_3092 2.jpeg","SUR
В УПАКОВ
NOW
FLA
EVEN
LO
THICKER
STRAWBER
FLAVOURED
LOW FAT
LOW FAS
MIXED BERRY FLANOURED
DRINKING
DRINKING YOGHURI
DAIRY
500 g
SWEETENED
AÇUCARADO
SNACK
IOGURTE DE BEBER - MORANGO
YAOURT À BOIRE - FRAISE
IRINK
BERRY
NORMAL PRICE
P
SAVE
OT
2699
D-SNACK DRINK
STRAWBERRY
WITH CARD
6009708463661
TROPIKA
R7
5.40 PER 100G
1999
450G BOT
4.89 PER 100G
34
8
20/09
10928007
202/ 020 5","0.670",""
"lib/training data/IMG_3092.jpeg","SUR
В УПАКОВ
NOW
FLA
EVEN
LO
THICKER
STRAWBER
FLAVOURED
LOW FAT
LOW FAS
MIXED BERRY FLANOURED
DRINKING
DRINKING YOGHURI
DAIRY
500 g
SWEETENED
AÇUCARADO
SNACK
IOGURTE DE BEBER - MORANGO
YAOURT À BOIRE - FRAISE
IRINK
BERRY
NORMAL PRICE
P
SAVE
OT
2699
D-SNACK DRINK
STRAWBERRY
WITH CARD
6009708463661
TROPIKA
R7
5.40 PER 100G
1999
450G BOT
4.89 PER 100G
34
8
20/09
10928007
202/ 020 5","0.670",""
"lib/training data/IMG_3093 2.jpeg","L2)
NOW
NO
EVEN
THICKER
EVI
009706
THICA
REFRIE
Carlat hang bot, 18
A PRICEN
ER RET
MIKEL
Z4 53
DRI
500 g
IOGURTE BEBIVEL COM BAIXO
TEOR DE GORDURA COM
SABOR A MISTURA DE BAGAS
500 g
ASITAR BEN
SWIPE & SAVE
NOW
1999
WITH CARD
TRA SAVINGS
NORMAL PRICE: 2639
YOGH DRINK
ASSORTED
SHOPRITE
YOGISIP 500G BOT
VALID UNTIL 11 OCTOBER 20","0.978",""
"lib/training data/IMG_3093 3.jpeg","L2)
NOW
NO
EVEN
THICKER
EVI
009706
THICA
REFRIE
Carlat hang bot, 18
A PRICEN
ER RET
MIKEL
Z4 53
DRI
500 g
IOGURTE BEBIVEL COM BAIXO
TEOR DE GORDURA COM
SABOR A MISTURA DE BAGAS
500 g
ASITAR BEN
SWIPE & SAVE
NOW
1999
WITH CARD
TRA SAVINGS
NORMAL PRICE: 2639
YOGH DRINK
ASSORTED
SHOPRITE
YOGISIP 500G BOT
VALID UNTIL 11 OCTOBER 20","0.978",""
"lib/training data/IMG_3093.jpeg","L2)
NOW
NO
EVEN
THICKER
EVI
009706
THICA
REFRIE
Carlat hang bot, 18
A PRICEN
ER RET
MIKEL
Z4 53
DRI
500 g
IOGURTE BEBIVEL COM BAIXO
TEOR DE GORDURA COM
SABOR A MISTURA DE BAGAS
500 g
ASITAR BEN
SWIPE & SAVE
NOW
1999
WITH CARD
TRA SAVINGS
NORMAL PRICE: 2639
YOGH DRINK
ASSORTED
SHOPRITE
YOGISIP 500G BOT
VALID UNTIL 11 OCTOBER 20","0.978",""
"lib/training data/IMG_3094 2.jpeg","SWEETENED
DARLING
Yogi
MEDIUM
CANADILED
2kg
EDILDA
SAVE
SWIPE & SAVE
R5
3499
WITH CARD
NORMAL PRICE: 39**
DAIRY SNACK
TRA SAVINGS
DARLING 2KG BOT
ASSORTED
SHOPRITE
VALIE UNTH 1 OCTOBER","0.911",""
"lib/training data/IMG_3094 3.jpeg","SWEETENED
DARLING
Yogi
MEDIUM
CANADILED
2kg
EDILDA
SAVE
SWIPE & SAVE
R5
3499
WITH CARD
NORMAL PRICE: 39**
DAIRY SNACK
TRA SAVINGS
DARLING 2KG BOT
ASSORTED
SHOPRITE
VALIE UNTH 1 OCTOBER","0.911",""
"lib/training data/IMG_3094 4.jpeg","SWEETENED
DARLING
Yogi
MEDIUM
CANADILED
2kg
EDILDA
SAVE
SWIPE & SAVE
R5
3499
WITH CARD
NORMAL PRICE: 39**
DAIRY SNACK
TRA SAVINGS
DARLING 2KG BOT
ASSORTED
SHOPRITE
VALIE UNTH 1 OCTOBER","0.911",""
"lib/training data/IMG_3094.jpeg","SWEETENED
DARLING
Yogi
MEDIUM
CANADILED
2kg
EDILDA
SAVE
SWIPE & SAVE
R5
3499
WITH CARD
NORMAL PRICE: 39**
DAIRY SNACK
TRA SAVINGS
DARLING 2KG BOT
ASSORTED
SHOPRITE
VALIE UNTH 1 OCTOBER","0.911",""
"lib/training data/IMG_3095 2.jpeg","126117-04
WEETENE
Yogi
2kc
DAIRY SNACK
DAIRY SHACK
SAVE
WITH CARE
39""
FUN YO
STRAWBERRY
R5
3499
215 PER 100ML
2L
VE
I SAVINGS
SHOPRITE","0.944",""
"lib/training data/IMG_3095 3.jpeg","126117-04
WEETENE
Yogi
2kc
DAIRY SNACK
DAIRY SHACK
SAVE
WITH CARE
39""
FUN YO
STRAWBERRY
R5
3499
215 PER 100ML
2L
VE
I SAVINGS
SHOPRITE","0.944",""
"lib/training data/IMG_3095.jpeg","126117-04
WEETENE
Yogi
2kc
DAIRY SNACK
DAIRY SHACK
SAVE
WITH CARE
39""
FUN YO
STRAWBERRY
R5
3499
215 PER 100ML
2L
VE
I SAVINGS
SHOPRITE","0.944",""
"lib/training data/IMG_3096 2.jpeg","6 x
100 g
SWEETENED
100130 1539
90a0
380339 1538
2102
60L9670179088
402 20 90/80/33 08
SERVING SUGGESTION
KEEP REFRIGERATED
mixed berry flavoured
ELSVILEND
KEEP REFRIGERATED
MEN
SERVING SUGGESTION
/26 B 104
ST BEFORE
6 OOL
× 9
rejected
ad
FD 22/08/25 02: 11A
608 97/01/9771
3301313
57/80/7Z
SI:LO 92/80/27
50397/01/97
TO 15910
380138 1S
BR 24210
99g
D-SNACK SMTH
STRAWB&M-BERRY
PARMALAT
2699
6X100G TUB
101 24
03","0.869",""
"lib/training data/IMG_3096 3.jpeg","6 x
100 g
SWEETENED
100130 1539
90a0
380339 1538
2102
60L9670179088
402 20 90/80/33 08
SERVING SUGGESTION
KEEP REFRIGERATED
mixed berry flavoured
ELSVILEND
KEEP REFRIGERATED
MEN
SERVING SUGGESTION
/26 B 104
ST BEFORE
6 OOL
× 9
rejected
ad
FD 22/08/25 02: 11A
608 97/01/9771
3301313
57/80/7Z
SI:LO 92/80/27
50397/01/97
TO 15910
380138 1S
BR 24210
99g
D-SNACK SMTH
STRAWB&M-BERRY
PARMALAT
2699
6X100G TUB
101 24
03","0.869",""
"lib/training data/IMG_3096.jpeg","6 x
100 g
SWEETENED
100130 1539
90a0
380339 1538
2102
60L9670179088
402 20 90/80/33 08
SERVING SUGGESTION
KEEP REFRIGERATED
mixed berry flavoured
ELSVILEND
KEEP REFRIGERATED
MEN
SERVING SUGGESTION
/26 B 104
ST BEFORE
6 OOL
× 9
rejected
ad
FD 22/08/25 02: 11A
608 97/01/9771
3301313
57/80/7Z
SI:LO 92/80/27
50397/01/97
TO 15910
380138 1S
BR 24210
99g
D-SNACK SMTH
STRAWB&M-BERRY
PARMALAT
2699
6X100G TUB
101 24
03","0.869",""
"lib/training data/IMG_3097 2.jpeg","barmalat
smooth
4X STRAWBERRY
NEW
2X MIXED BERRY,
GREAT TASTE!
RECIPE ***
mixed bery favoured
low fat dairy snack
8022/08/25 07: 11A
PD 22/08/26 07:118
PD 22/08/2
BEST BEFORE
BERGESTERRES
BEST
ed
US VERMELHOS
2
- /01/2
w182/01/E111
9097/30/91 04
9 b0: 2090/20/t104
120
TE26/10/26 B05
3401381
C0 22/02/26
380105
38033015302
B0N50 SEL
9 50: 8097/00h104
8 50: 3092/80/51 04
3803301530
D-SNACK SMTH
PARMALAT
BAN CUST CNUT
2699
6X 100G TUB
4.5 PER 100G
244 58","0.895",""
"lib/training data/IMG_3097 3.jpeg","barmalat
smooth
4X STRAWBERRY
NEW
2X MIXED BERRY,
GREAT TASTE!
RECIPE ***
mixed bery favoured
low fat dairy snack
8022/08/25 07: 11A
PD 22/08/26 07:118
PD 22/08/2
BEST BEFORE
BERGESTERRES
BEST
ed
US VERMELHOS
2
- /01/2
w182/01/E111
9097/30/91 04
9 b0: 2090/20/t104
120
TE26/10/26 B05
3401381
C0 22/02/26
380105
38033015302
B0N50 SEL
9 50: 8097/00h104
8 50: 3092/80/51 04
3803301530
D-SNACK SMTH
PARMALAT
BAN CUST CNUT
2699
6X 100G TUB
4.5 PER 100G
244 58","0.895",""
"lib/training data/IMG_3097 4.jpeg","barmalat
smooth
4X STRAWBERRY
NEW
2X MIXED BERRY,
GREAT TASTE!
RECIPE ***
mixed bery favoured
low fat dairy snack
8022/08/25 07: 11A
PD 22/08/26 07:118
PD 22/08/2
BEST BEFORE
BERGESTERRES
BEST
ed
US VERMELHOS
2
- /01/2
w182/01/E111
9097/30/91 04
9 b0: 2090/20/t104
120
TE26/10/26 B05
3401381
C0 22/02/26
380105
38033015302
B0N50 SEL
9 50: 8097/00h104
8 50: 3092/80/51 04
3803301530
D-SNACK SMTH
PARMALAT
BAN CUST CNUT
2699
6X 100G TUB
4.5 PER 100G
244 58","0.895",""
"lib/training data/IMG_3097.jpeg","barmalat
smooth
4X STRAWBERRY
NEW
2X MIXED BERRY,
GREAT TASTE!
RECIPE ***
mixed bery favoured
low fat dairy snack
8022/08/25 07: 11A
PD 22/08/26 07:118
PD 22/08/2
BEST BEFORE
BERGESTERRES
BEST
ed
US VERMELHOS
2
- /01/2
w182/01/E111
9097/30/91 04
9 b0: 2090/20/t104
120
TE26/10/26 B05
3401381
C0 22/02/26
380105
38033015302
B0N50 SEL
9 50: 8097/00h104
8 50: 3092/80/51 04
3803301530
D-SNACK SMTH
PARMALAT
BAN CUST CNUT
2699
6X 100G TUB
4.5 PER 100G
244 58","0.895",""
"lib/training data/IMG_3098.jpeg","FO: 1508
CĐ: 09/10 36 00
POUNE®
LIMITED EDITION
DR ESTH
LIMITED EDITION
• Clover
clover
LIMITED EDI
TROPIKA®
"" Clover®
TROPIKA
3 Clovet
UROPIKA
TROPIKA
SUNDURES SAPU EBU EMIY
GREEN APPLE
CINGER BEER
Lountry
FIBOURD DAIRY FERTT MIX
CINGER BEER
FISVOURED DAIRY FRYTT MIX
BLUEBERRY CHEESE
Tresh
PLAVOURED DAIRY FRUI
21991
GINGER BEER
JUICE BLEND
ПРОШИТОЛИВИ Н
TROPIKA
2199
JUICE BLEND
4 4 PEK TUUMU
500ML BOT
TROPIKA
BLUEB CHSCKE
2199-
NEW
OUUML BOT
45550%-06: 14.26
DARANG
DARANG
ORIN EHU BRUNE®,
TAREN»
AYAUN
1299
17**
17º9","0.679",""
"lib/training data/IMG_3100.jpeg","D: 1518/2
8: 09/10/2000
LIMITED EDITION
DR ESTHER
LIMITED EDITION
• Clover
& Clover
LIMITED ED
TROPIKE®
& clover®
TROPIA
o Clover
UROPIKA
TROPI
GINGER BEER
Country
FAMOURED DAIRY FRUN MIX
GREEN APPLE
FIGUOURED DAIRY FRUIT MIX
BLUEBERRY CHEESE
Fresh
FIEVOURED DARY FRIT MIX
GINGER BEER
FLAVOURED DAIRY FRUI
2199
JUICE BLEND
2199
JUICE BLEND
21997
NEW
13628% 96: 18-25
DARANG
DAKANG 1
GAIN EN
1299
17°
1799","0.932",""
"lib/training data/IMG_3103.jpeg","1L12
2013102 61
HOUSEL
LIMITED EDITION
OR ESTHER
LIMITED EDITION
B Clover
& Clover
LIMITED EDI
TROPIKA®
& Clover
TROPIKA
& clover
TROPIKA®
TROPIA
GINGER BEER
Country
GREEN APPLE
FISUOURED DAIRY FRUIT MIX
BLUEBERRY CHEESE
fresh
ENOURED DR RY FPRIT MIX
GINGER BEER
FLAVOURED DAIRY FRUIT
21991
JUICE BLEND
2199
2199
ПОЛИЛІУ
NEW
435-84. 96:34.26
DARANG:
DAK-ING
1229
1799
17°
1799","0.930",""
"lib/training data/IMG_3104 2.jpeg","FO: 152602000
EB: 09/10
LIMITED EDITION
DR ESTHET
LIMITED EDITION
B Clover
I clover
LIMITED EDITE
& clover
& Clover
TROPIKA
TROPIKA®
TROPI
TROPIKA®
Countru
GINGER BEER
FLANDURED DAIRY FRUT MIX
GREEN APPLE
FIQVOURED DAIRY FRUIT MIX
BLUEBERRY CHEESER
Fresh
FLUOURED DAIRY ERRIT MIX
GINGER BEER
FLAVOURED DAIRY FRUI
2199
JUICE BLEND
GINGEN BEEN
2199₴
BLUEB CHSCKE
SUCCUMS
500ML BOT
TROPIKA
2199-
LITC
38181 8
NEW
4EE 8V-06: 44.26
DARING
1291
17""9
17°9","0.946",""
"lib/training data/IMG_3104.jpeg","FO: 152602000
EB: 09/10
LIMITED EDITION
DR ESTHET
LIMITED EDITION
B Clover
I clover
LIMITED EDITE
& clover
& Clover
TROPIKA
TROPIKA®
TROPI
TROPIKA®
Countru
GINGER BEER
FLANDURED DAIRY FRUT MIX
GREEN APPLE
FIQVOURED DAIRY FRUIT MIX
BLUEBERRY CHEESER
Fresh
FLUOURED DAIRY ERRIT MIX
GINGER BEER
FLAVOURED DAIRY FRUI
2199
JUICE BLEND
GINGEN BEEN
2199₴
BLUEB CHSCKE
SUCCUMS
500ML BOT
TROPIKA
2199-
LITC
38181 8
NEW
4EE 8V-06: 44.26
DARING
1291
17""9
17°9","0.946",""
"lib/training data/IMG_3105 2.jpeg","12.5%
Fruit Nectar
TV 10
Fruit Nectar
Blend
Fruit
Fruit Necta
Pear, Apple,
ERATED. ONCE OPENED, COI
Blend
Strawberry and
other fruits
Strawberry and
Pear, Apple,
Lemonade
other fruits
Mixed Berries
1.5 L
Mixed Berries
SWIPE & SAVE
SAVE
NORMAL PRICE
4299
SAVE
R8
WITH CARD
3499
NOW
34°9
R8
WITH CARD
TRA SAVINGS
NUKMAL PRICE:
FRUIT NECIAR
42°
SHOPRITE
PONEGRANATE
FRUIT COCKTAIL
GRANATE
nectar blend
KUT COCKTA
40% furnestar blend
uit nectarb ind
take
take
150
15 l
15 l
1.5
15 C
2999
32
100%%
100%
200%","0.964",""
"lib/training data/IMG_3105 3.jpeg","12.5%
Fruit Nectar
TV 10
Fruit Nectar
Blend
Fruit
Fruit Necta
Pear, Apple,
ERATED. ONCE OPENED, COI
Blend
Strawberry and
other fruits
Strawberry and
Pear, Apple,
Lemonade
other fruits
Mixed Berries
1.5 L
Mixed Berries
SWIPE & SAVE
SAVE
NORMAL PRICE
4299
SAVE
R8
WITH CARD
3499
NOW
34°9
R8
WITH CARD
TRA SAVINGS
NUKMAL PRICE:
FRUIT NECIAR
42°
SHOPRITE
PONEGRANATE
FRUIT COCKTAIL
GRANATE
nectar blend
KUT COCKTA
40% furnestar blend
uit nectarb ind
take
take
150
15 l
15 l
1.5
15 C
2999
32
100%%
100%
200%","0.964",""
"lib/training data/IMG_3105.jpeg","12.5%
Fruit Nectar
TV 10
Fruit Nectar
Blend
Fruit
Fruit Necta
Pear, Apple,
ERATED. ONCE OPENED, COI
Blend
Strawberry and
other fruits
Strawberry and
Pear, Apple,
Lemonade
other fruits
Mixed Berries
1.5 L
Mixed Berries
SWIPE & SAVE
SAVE
NORMAL PRICE
4299
SAVE
R8
WITH CARD
3499
NOW
34°9
R8
WITH CARD
TRA SAVINGS
NUKMAL PRICE:
FRUIT NECIAR
42°
SHOPRITE
PONEGRANATE
FRUIT COCKTAIL
GRANATE
nectar blend
KUT COCKTA
40% furnestar blend
uit nectarb ind
take
take
150
15 l
15 l
1.5
15 C
2999
32
100%%
100%
200%","0.964",""
"lib/training data/IMG_3106 2.jpeg","ge
le and
tar
300%
POUEGRANATE
150
HOMEGRANATE
SAVE
1.5 C
R8
Lemonade
Fruit Nectar
12.5%
40% fruit nectar blend
FRUIT COCKTAIL
NOW
1,5 l
NORMAL PRICE: 42""
34°9
Mixed Berries
other fruits
Strawberry and
Pear, Apple,
Blend
Fruit Nectar
100%
FRUIT NECTAR
WITH CARD
SWIPE & SAVE
2999
take
40% fruit nectar blend
FRUIT COCKTAIL
15 l
SHOPRITE
RA SAVINGS
Mixed
fruit corta
ke
150
PHIT COCKTAIL
15 L
R8
SAVE
KEEP REFRIGERATED. ONCE OPENED, CC
3499
WITH CARD
1299031366
100%.
Mixed Ber
Strawberry di
Pear, App
Fruit Ne
Blen‹","0.963",""
"lib/training data/IMG_3106.jpeg","tar
12.5%
Fruit Nectar
Fruit Nectar
Blend
Fruit Ne
le and
Strawberry and
Pear, Apple,
Blen‹
other fruits
HAMP HERED ONCE OPENED, CO
Strawberry a
Pear, Appl
ge
Lemonade
other fruits
Mixed Berries
1.5 L
Mixed Ber
SWIPE & SAVE
SAVE
NORMAL PRICE
WITH CARD
42""
SAVE
R8
3499
NOW
34°9
R8
S WITH CARD
TRA SAVINGS
NORMAL PRICE:
FRUIT NECTAR
42°°
SHOPRITE
KRUSH 1 SL BOT
MEGRANATE
ПОИГРАНАТЕ
FRUIT COCKTAIL
10% mut nectar blend
FRUIT COCKTAIL
40% 1
fruit nectar blend
40% fruit nectar blend
take
take
S
150
15 C
15
15 C
150
2999
Introdra
100%
100%","0.941",""
"lib/training data/IMG_3107 2.jpeg","rectar
12.5%
ind
Fruit Nectar
Blend
Fruit
aartjie and
Pear, Apple,
BI
er fruits
Strawberry and
FRIGERATED. ONCE OPENED,
Pear
other fruits
Strawt
ange
Lemonade
othe
Mixed Berries
Mixed
1.5 L
Mixed I
SWIPE & SAVE
SAVE
NORMAL PRICE
42""
SAVE
R8
WITH CARD
3499
34°9
R8
WITH CARD
TRA SAVINGS
NORMAL PRICE: 42°
RUINCTOT
SHOPRITE
PUMEGRANATE
NEGRANATE
uit nectar blend
uit nectar blend
FRUIT COCKTAIL
FRUIT COCKTAIL
4o% fruit nectar biend
40% fruit nectar blend
ut nectar blend
take
take
aken
5
S
S
15฿
15 C
15 l
1.5
1.5 C
2999
300%
100%
100%
100%","0.965",""
"lib/training data/IMG_3107.jpeg","rectar
12.5%
ind
Fruit Nectar
Blend
Fruit
aartjie and
Pear, Apple,
BI
er fruits
Strawberry and
FRIGERATED. ONCE OPENED,
Pear
other fruits
Strawt
ange
Lemonade
othe
Mixed Berries
Mixed
1.5 L
Mixed I
SWIPE & SAVE
SAVE
NORMAL PRICE
42""
SAVE
R8
WITH CARD
3499
34°9
R8
WITH CARD
TRA SAVINGS
NORMAL PRICE: 42°
RUINCTOT
SHOPRITE
PUMEGRANATE
NEGRANATE
uit nectar blend
uit nectar blend
FRUIT COCKTAIL
FRUIT COCKTAIL
4o% fruit nectar biend
40% fruit nectar blend
ut nectar blend
take
take
aken
5
S
S
15฿
15 C
15 l
1.5
1.5 C
2999
300%
100%
100%
100%","0.965",""
"lib/training data/IMG_3108 2.jpeg","Nectar
end
Fruit Nectar
Blend
Fru
, Naartie and
Pear, Apple,
her fruits
Strawberry and
bot rodeport, 1709%
other fruits
KEEP REFRIGERATED. ONCE OPENED,
range
Lemonade
Mixed Berries
Mixed
1.5 L
Mixec
SWIPE & SAVE
SAVE
NORMAL PRICE
42""9
SAVE
R8
WITH CARD
299031366
3499
NOW
3499
R8
WITH CARD
TRA SAVINGS
NORMAL PRICE
FRUIT NECTAR
42""*
SHOPRITE
KRUSH 1 5L BOT
PUMEGRANATE
PONEGRANATE
not nectar blend
uit nectar blend
FRUIT COCKTAIL
FRUIT COCKTAIL
40.%, fruit nectar biend
40% fruit nectar blend
cake
15 l
1.5 C
1.5 C
1.5
15 l
2999
300%
100%
fut cocktal
100%","0.964",""
"lib/training data/IMG_3108.jpeg","Nectar
end
Fruit Nectar
Blend
Fru
, Naartie and
Pear, Apple,
her fruits
Strawberry and
bot rodeport, 1709%
other fruits
KEEP REFRIGERATED. ONCE OPENED,
range
Lemonade
Mixed Berries
Mixed
1.5 L
Mixec
SWIPE & SAVE
SAVE
NORMAL PRICE
42""9
SAVE
R8
WITH CARD
299031366
3499
NOW
3499
R8
WITH CARD
TRA SAVINGS
NORMAL PRICE
FRUIT NECTAR
42""*
SHOPRITE
KRUSH 1 5L BOT
PUMEGRANATE
PONEGRANATE
not nectar blend
uit nectar blend
FRUIT COCKTAIL
FRUIT COCKTAIL
40.%, fruit nectar biend
40% fruit nectar blend
cake
15 l
1.5 C
1.5 C
1.5
15 l
2999
300%
100%
fut cocktal
100%","0.964",""
"lib/training data/IMG_3109.jpeg","15 g
15 C
15l
15 l
15l
IT CAL
2999
100%
100%
100%
SAVE
SWIPE & SAVE
SAVE
R20
SAVE
R20
5999
R20","0.972",""
"lib/training data/IMG_3110.jpeg","15h
15 g
15 l
15 l
15 0
AKEST CTAI
2999
100%
100%
100%
100%
fruit cocktail
SAVE
SWIPE & SAVE
SAVE
R20
R20
59°9
SAVE
79%
TRA SAVINES","0.952",""
"lib/training data/IMG_3111 2.jpeg","150
15l
1.5 l
1.5 l
1,5 0
HENHN HH HIN HỀ
2999
100%
100%
100%
fruit cocktail
SAVE
SWIPE & SAVE
SAVE
R20
5999
SAVE
R20
TRA SAVINGS","0.911",""
"lib/training data/IMG_3111.jpeg","150
15l
1.5 l
1.5 l
1,5 0
HENHN HH HIN HỀ
2999
100%
100%
100%
fruit cocktail
SAVE
SWIPE & SAVE
SAVE
R20
5999
SAVE
R20
TRA SAVINGS","0.911",""
"lib/training data/IMG_3112 2.jpeg","ineapple
reapp
eL
Tavoured Dairy Fruit Mix
Tavoured Dairy Fruil Max
Taweured Dairy
3299
UICE BLENE
2999
JUICE BLEND
2999฿
TAKE 5
2L BOTTLE
2L BOTTLE
1.5 PEK 100ML
100%
SAVE
SAVE
5999
R20","0.730",""
"lib/training data/IMG_3112 3.jpeg","ineapple
reapp
eL
Tavoured Dairy Fruit Mix
Tavoured Dairy Fruil Max
Taweured Dairy
3299
UICE BLENE
2999
JUICE BLEND
2999฿
TAKE 5
2L BOTTLE
2L BOTTLE
1.5 PEK 100ML
100%
SAVE
SAVE
5999
R20","0.730",""
"lib/training data/IMG_3112.jpeg","ineapple
reapp
eL
Tavoured Dairy Fruit Mix
Tavoured Dairy Fruil Max
Taweured Dairy
3299
UICE BLENE
2999
JUICE BLEND
2999฿
TAKE 5
2L BOTTLE
2L BOTTLE
1.5 PEK 100ML
100%
SAVE
SAVE
5999
R20","0.730",""
"lib/training data/IMG_3113 2.jpeg","200%
100%
9%
apple
SAVE
SAVE
79-
R20
5933
R20
ПШИ ЛЕВІ
5999","0.942",""
"lib/training data/IMG_3113 3.jpeg","200%
100%
9%
apple
SAVE
SAVE
79-
R20
5933
R20
ПШИ ЛЕВІ
5999","0.942",""
"lib/training data/IMG_3113 4.jpeg","200%
100%
9%
apple
SAVE
SAVE
79-
R20
5933
R20
ПШИ ЛЕВІ
5999","0.942",""
"lib/training data/IMG_3113 5.jpeg","200%
100%
9%
apple
SAVE
SAVE
79-
R20
5933
R20
ПШИ ЛЕВІ
5999","0.942",""
"lib/training data/IMG_3113.jpeg","200%
100%
9%
apple
SAVE
SAVE
79-
R20
5933
R20
ПШИ ЛЕВІ
5999","0.942",""
"lib/training data/IMG_3114 2.jpeg","PROD:
100%
00%6
100%
apple
SAVE
SAVE
79*
R20
5993
R20
5999","1.000",""
"lib/training data/IMG_3114 3.jpeg","PROD:
100%
00%6
100%
apple
SAVE
SAVE
79*
R20
5993
R20
5999","1.000",""
"lib/training data/IMG_3114 4.jpeg","PROD:
100%
00%6
100%
apple
SAVE
SAVE
79*
R20
5993
R20
5999","1.000",""
"lib/training data/IMG_3114.jpeg","PROD:
100%
00%6
100%
apple
SAVE
SAVE
79*
R20
5993
R20
5999","1.000",""
"lib/training data/IMG_3115 2.jpeg","100%
anDle Oic
opple
SAVE
R20
5999
79*
5990","0.875",""
"lib/training data/IMG_3115.jpeg","100%
anDle Oic
opple
SAVE
R20
5999
79*
5990","0.875",""
"lib/training data/IMG_3116 2.jpeg","SAVI
100%
coke
apple
59%9
SAVE
R20
100%","1.000",""
"lib/training data/IMG_3116.jpeg","SAVI
100%
coke
apple
59%9
SAVE
R20
100%","1.000",""
"lib/training data/IMG_3117 2.jpeg","CECE
340 182610208.
100%
1,00%
take
SAVE
appla
R20
5999
100%
SAVE
R2O
5999","0.923",""
"lib/training data/IMG_3117 3.jpeg","CECE
340 182610208.
100%
1,00%
take
SAVE
appla
R20
5999
100%
SAVE
R2O
5999","0.923",""
"lib/training data/IMG_3117.jpeg","CECE
340 182610208.
100%
1,00%
take
SAVE
appla
R20
5999
100%
SAVE
R2O
5999","0.923",""
"lib/training data/IMG_3118 2.jpeg","mayonnaise
yonnaise
Mayonnaist
A
Mayonnai layonnaise
SHE TANGT
z Mayonnaise
SMOOTH & TANGY
SMOOTH & TANGY
COME TANGY
RITEBRAND
SMOOTH & TANGY
750 g
750 g
2199
HI TEET
4499
4999
net
Sourine
STIR FRY
FROZEN FRESH FOR LOCKPO IN GOODNESS
French
STIR FRY
FROZEN FRESH FOR LOCKED IN GOODNESS
Hawaiian
McCar
STR
LENN NEARE
FROZEN FRESH FOR LOCKED IN GOODNESS
Gourmet
French
Hawaiiana
McCu
'STIR FRY
FROZEN FRESH FOR LOCKED IN GOODNESS
EN PEAS
Stir
& Mix
French
CrON
harvestine
Veg
McCai
2650 g
Gourmet
Westin
ench
FORMERLY
STIR FRE
ourg
vive
Cain
FROZEN FRESH FOR, LOCKED TA GOODNESS
Gourmet
Hawaiian
STIR
TROZEN FRESH FO
McC
STIR FRY
GAIN
Stir Fry
FROZEN FRESH FOR LOCKED IN GOOPNESS
OTS JULIENNE, CUT GREEN BEANS, SL
Vegetable
IN PEAS, SLICED MUSHROOMS & SLICED RED PEPPERS
sliced onions, whi
ots, whole greet t
French
rushrooms & Siced rNPREPARE
250%
vite","0.933",""
"lib/training data/IMG_3118.jpeg","mayonnaise
yonnaise
Mayonnaist
A
Mayonnai layonnaise
SHE TANGT
z Mayonnaise
SMOOTH & TANGY
SMOOTH & TANGY
COME TANGY
RITEBRAND
SMOOTH & TANGY
750 g
750 g
2199
HI TEET
4499
4999
net
Sourine
STIR FRY
FROZEN FRESH FOR LOCKPO IN GOODNESS
French
STIR FRY
FROZEN FRESH FOR LOCKED IN GOODNESS
Hawaiian
McCar
STR
LENN NEARE
FROZEN FRESH FOR LOCKED IN GOODNESS
Gourmet
French
Hawaiiana
McCu
'STIR FRY
FROZEN FRESH FOR LOCKED IN GOODNESS
EN PEAS
Stir
& Mix
French
CrON
harvestine
Veg
McCai
2650 g
Gourmet
Westin
ench
FORMERLY
STIR FRE
ourg
vive
Cain
FROZEN FRESH FOR, LOCKED TA GOODNESS
Gourmet
Hawaiian
STIR
TROZEN FRESH FO
McC
STIR FRY
GAIN
Stir Fry
FROZEN FRESH FOR LOCKED IN GOOPNESS
OTS JULIENNE, CUT GREEN BEANS, SL
Vegetable
IN PEAS, SLICED MUSHROOMS & SLICED RED PEPPERS
sliced onions, whi
ots, whole greet t
French
rushrooms & Siced rNPREPARE
250%
vite","0.933",""
"lib/training data/IMG_3119 2.jpeg","onnaise
yonnaise
Mayonnais
Mayonnal layonnaise
Mayonnaise
SMOOTH & TANGY
SMOOTH & TANGY
SOH A TANGY
SMOOTH & TANGY
RITEBRAND
>
750 g
750g
2199
TEE TEHEN TE
4499
DIUTISI ITE
4999
anet
Sourine
STIR ERÝ
FROZEN FRESH FOR LOCKPD IN GOODNESS
French
STIR FRY
ULEN NEN APRENE BARN DICARTE PECEL CATEM
FROZEN FRESH FOR LOCKED IN GOODNESS
Hawalian
STRE
FROZEN FRESH FOR LOCKED IN GOODNESS
Gourmet
French
Hawaiion/
ESTIR FRY
Molui
FROZEN FRESH FOR LOCKED IN GOODNESS
Stixle Mix
French
harvestnne
Ves-
ced red pepp
250 g
Gourmet,
Westine
Ourm
STIR FAR
FORMERLY
FROZEN PRESH FOR LOCKED I GOPONES
Gourmet
Hawallan
STIRP
MROZEN FRESH FOR LOCY
McO
STIR FRY
Hau
nuțu gul
Stir Fry
FROZEN FRESH FOR LOCKED IN GOODNESS
)TS JULIENNE, CUT GREEN BEANS, SLI
PrAS CAS MEMAUUN dLLA N Popp
ook fron
getabtensr
mions, w
arrats, whole grett
French
T00
rooms & siced r PREPAR
HU O UI SX°
250,
Athe","0.803",""
"lib/training data/IMG_3119 3.jpeg","onnaise
yonnaise
Mayonnais
Mayonnal layonnaise
Mayonnaise
SMOOTH & TANGY
SMOOTH & TANGY
SOH A TANGY
SMOOTH & TANGY
RITEBRAND
>
750 g
750g
2199
TEE TEHEN TE
4499
DIUTISI ITE
4999
anet
Sourine
STIR ERÝ
FROZEN FRESH FOR LOCKPD IN GOODNESS
French
STIR FRY
ULEN NEN APRENE BARN DICARTE PECEL CATEM
FROZEN FRESH FOR LOCKED IN GOODNESS
Hawalian
STRE
FROZEN FRESH FOR LOCKED IN GOODNESS
Gourmet
French
Hawaiion/
ESTIR FRY
Molui
FROZEN FRESH FOR LOCKED IN GOODNESS
Stixle Mix
French
harvestnne
Ves-
ced red pepp
250 g
Gourmet,
Westine
Ourm
STIR FAR
FORMERLY
FROZEN PRESH FOR LOCKED I GOPONES
Gourmet
Hawallan
STIRP
MROZEN FRESH FOR LOCY
McO
STIR FRY
Hau
nuțu gul
Stir Fry
FROZEN FRESH FOR LOCKED IN GOODNESS
)TS JULIENNE, CUT GREEN BEANS, SLI
PrAS CAS MEMAUUN dLLA N Popp
ook fron
getabtensr
mions, w
arrats, whole grett
French
T00
rooms & siced r PREPAR
HU O UI SX°
250,
Athe","0.803",""
"lib/training data/IMG_3119.jpeg","onnaise
yonnaise
Mayonnais
Mayonnal layonnaise
Mayonnaise
SMOOTH & TANGY
SMOOTH & TANGY
SOH A TANGY
SMOOTH & TANGY
RITEBRAND
>
750 g
750g
2199
TEE TEHEN TE
4499
DIUTISI ITE
4999
anet
Sourine
STIR ERÝ
FROZEN FRESH FOR LOCKPD IN GOODNESS
French
STIR FRY
ULEN NEN APRENE BARN DICARTE PECEL CATEM
FROZEN FRESH FOR LOCKED IN GOODNESS
Hawalian
STRE
FROZEN FRESH FOR LOCKED IN GOODNESS
Gourmet
French
Hawaiion/
ESTIR FRY
Molui
FROZEN FRESH FOR LOCKED IN GOODNESS
Stixle Mix
French
harvestnne
Ves-
ced red pepp
250 g
Gourmet,
Westine
Ourm
STIR FAR
FORMERLY
FROZEN PRESH FOR LOCKED I GOPONES
Gourmet
Hawallan
STIRP
MROZEN FRESH FOR LOCY
McO
STIR FRY
Hau
nuțu gul
Stir Fry
FROZEN FRESH FOR LOCKED IN GOODNESS
)TS JULIENNE, CUT GREEN BEANS, SLI
PrAS CAS MEMAUUN dLLA N Popp
ook fron
getabtensr
mions, w
arrats, whole grett
French
T00
rooms & siced r PREPAR
HU O UI SX°
250,
Athe","0.803",""
"lib/training data/IMG_3120 2.jpeg","yonnaise
gonnaise
Mayonnais
Mayonnai layonnaise
Mayonnaise
Ma
SMOOTH & TANGY
RITEBRAND
SMOOTH & TANGY
CHIA TANGY
SMOOTH & TANGY
RITEBRAND
750 g
750 g
750 g
2199
TE TA TE
4499
LINEL MI DONT
4999
annet
nourine
STIR FRY
GROZEN TRESH FOR LOCKED IN GOODNESS
French
STIR FRY
FROZEN FRESH FOR LOCKED IN GOODNESS
NEARS CAN CAME PERCOL CUTS.
Hawaiian
STR
McCan
FROZEN FRESH FOR LOCKED IN GOODNESS
Gourmet
French
Hawaiian
STIR FRY
Malai
FROZEN FRESH FOR LOCKED IN GOODNESS
CAN PEAS E
CE MASHROOM EASE SURED PEPPERS
Stole Mix
French
harvestine
Vege
2650 g
Gourmet
ch
Ount
SIR FRT
FORMERLY
FROZEN FRESH FOR LOCKED I GOODNESS
Cain
Gourmet
Hawallan
STIR P
product or
FROZEN FRESH FOR LOCK
McC
STIR FRY
Haw
hun 9u8
Stir Fry
FROZEN FRESH FOR LOCKED IN GOOPNESS
I PEAS SEE MUSHROOM AN OTHE
French
•700
250 g","0.885",""
"lib/training data/IMG_3120.jpeg","yonnaise
gonnaise
Mayonnais
Mayonnai layonnaise
Mayonnaise
Ma
SMOOTH & TANGY
RITEBRAND
SMOOTH & TANGY
CHIA TANGY
SMOOTH & TANGY
RITEBRAND
750 g
750 g
750 g
2199
TE TA TE
4499
LINEL MI DONT
4999
annet
nourine
STIR FRY
GROZEN TRESH FOR LOCKED IN GOODNESS
French
STIR FRY
FROZEN FRESH FOR LOCKED IN GOODNESS
NEARS CAN CAME PERCOL CUTS.
Hawaiian
STR
McCan
FROZEN FRESH FOR LOCKED IN GOODNESS
Gourmet
French
Hawaiian
STIR FRY
Malai
FROZEN FRESH FOR LOCKED IN GOODNESS
CAN PEAS E
CE MASHROOM EASE SURED PEPPERS
Stole Mix
French
harvestine
Vege
2650 g
Gourmet
ch
Ount
SIR FRT
FORMERLY
FROZEN FRESH FOR LOCKED I GOODNESS
Cain
Gourmet
Hawallan
STIR P
product or
FROZEN FRESH FOR LOCK
McC
STIR FRY
Haw
hun 9u8
Stir Fry
FROZEN FRESH FOR LOCKED IN GOOPNESS
I PEAS SEE MUSHROOM AN OTHE
French
•700
250 g","0.885",""
"lib/training data/IMG_3121 2.jpeg","onnaise
yonnaise
Mayonnais
Mayonnais ayonnaise
Mayonnaise
May
SMOOTH & TANGY
SMOOTH & TANGY
SMOOTH & TANGY
RITEBRA
RITEBRAND
5
750 g
750 g
2199
4499
4999
STIR FRY
FROZEN FRESH FOR LOCKED IN GOODNESS
French
STIR FRY
FROZEN FRESH FOR LOCKED IN 00 S
Hawaiian
STRA
McCar
FROZEN FRESH FOR LOCKED IN GOODNESS
Gourmet
French
Hawaiiang
STIR FRY
Malu
FROZEN FRESH FOR LOCKED IN GOODNESS
CAEN PEASA
Stile Mix
French
harvestrne
Veg
250 g
Gourmet
Ourme
STIR ERR
FORMERLY
FROZEN FRESH FOR, LOCKED TA GOODNESS
MULENN NEARE PICAN CAME, DOC
Gourmet
Hawallan
STIR F
SOZEN FRESH FOR LOCKED
STIR FRY
Hawe
FROZEN FRESH FOR LOCKED IN GODENESS
Stir Fry
EAS SLED MUSHROOMS & SLICED RED PE
NE, CUT GREEN BEANS, SLICEO ONION
French
•700 g
250 g","0.949",""
"lib/training data/IMG_3121 3.jpeg","onnaise
yonnaise
Mayonnais
Mayonnais ayonnaise
Mayonnaise
May
SMOOTH & TANGY
SMOOTH & TANGY
SMOOTH & TANGY
RITEBRA
RITEBRAND
5
750 g
750 g
2199
4499
4999
STIR FRY
FROZEN FRESH FOR LOCKED IN GOODNESS
French
STIR FRY
FROZEN FRESH FOR LOCKED IN 00 S
Hawaiian
STRA
McCar
FROZEN FRESH FOR LOCKED IN GOODNESS
Gourmet
French
Hawaiiang
STIR FRY
Malu
FROZEN FRESH FOR LOCKED IN GOODNESS
CAEN PEASA
Stile Mix
French
harvestrne
Veg
250 g
Gourmet
Ourme
STIR ERR
FORMERLY
FROZEN FRESH FOR, LOCKED TA GOODNESS
MULENN NEARE PICAN CAME, DOC
Gourmet
Hawallan
STIR F
SOZEN FRESH FOR LOCKED
STIR FRY
Hawe
FROZEN FRESH FOR LOCKED IN GODENESS
Stir Fry
EAS SLED MUSHROOMS & SLICED RED PE
NE, CUT GREEN BEANS, SLICEO ONION
French
•700 g
250 g","0.949",""
"lib/training data/IMG_3121 4.jpeg","onnaise
yonnaise
Mayonnais
Mayonnais ayonnaise
Mayonnaise
May
SMOOTH & TANGY
SMOOTH & TANGY
SMOOTH & TANGY
RITEBRA
RITEBRAND
5
750 g
750 g
2199
4499
4999
STIR FRY
FROZEN FRESH FOR LOCKED IN GOODNESS
French
STIR FRY
FROZEN FRESH FOR LOCKED IN 00 S
Hawaiian
STRA
McCar
FROZEN FRESH FOR LOCKED IN GOODNESS
Gourmet
French
Hawaiiang
STIR FRY
Malu
FROZEN FRESH FOR LOCKED IN GOODNESS
CAEN PEASA
Stile Mix
French
harvestrne
Veg
250 g
Gourmet
Ourme
STIR ERR
FORMERLY
FROZEN FRESH FOR, LOCKED TA GOODNESS
MULENN NEARE PICAN CAME, DOC
Gourmet
Hawallan
STIR F
SOZEN FRESH FOR LOCKED
STIR FRY
Hawe
FROZEN FRESH FOR LOCKED IN GODENESS
Stir Fry
EAS SLED MUSHROOMS & SLICED RED PE
NE, CUT GREEN BEANS, SLICEO ONION
French
•700 g
250 g","0.949",""
"lib/training data/IMG_3121.jpeg","onnaise
yonnaise
Mayonnais
Mayonnais ayonnaise
Mayonnaise
May
SMOOTH & TANGY
SMOOTH & TANGY
SMOOTH & TANGY
RITEBRA
RITEBRAND
5
750 g
750 g
2199
4499
4999
STIR FRY
FROZEN FRESH FOR LOCKED IN GOODNESS
French
STIR FRY
FROZEN FRESH FOR LOCKED IN 00 S
Hawaiian
STRA
McCar
FROZEN FRESH FOR LOCKED IN GOODNESS
Gourmet
French
Hawaiiang
STIR FRY
Malu
FROZEN FRESH FOR LOCKED IN GOODNESS
CAEN PEASA
Stile Mix
French
harvestrne
Veg
250 g
Gourmet
Ourme
STIR ERR
FORMERLY
FROZEN FRESH FOR, LOCKED TA GOODNESS
MULENN NEARE PICAN CAME, DOC
Gourmet
Hawallan
STIR F
SOZEN FRESH FOR LOCKED
STIR FRY
Hawe
FROZEN FRESH FOR LOCKED IN GODENESS
Stir Fry
EAS SLED MUSHROOMS & SLICED RED PE
NE, CUT GREEN BEANS, SLICEO ONION
French
•700 g
250 g","0.949",""
"lib/training data/IMG_3122 2.jpeg","RITEE
RITE:
750 g
750 g
PROMISE
750 g
HAWAIRM
PKEVEUSPKT
CAN HRVSEM
4499฿
700G PACK
net-
SOUT
*net
RY
IN GOODNESS
STIR FRY
FROZEN FRESH FOR LOCKED IN GOODNESS
МЕТ РА СИ КО СА МАВ НОСОМ СИВ.
Hawalian
ROuy
COOk
SMIN
Порир 9 0
FROZEN FR
Mc Cam
JULIENNE MARRO
PINEAPP
et
100 g
productan","0.829",""
"lib/training data/IMG_3122 3.jpeg","RITEE
RITE:
750 g
750 g
PROMISE
750 g
HAWAIRM
PKEVEUSPKT
CAN HRVSEM
4499฿
700G PACK
net-
SOUT
*net
RY
IN GOODNESS
STIR FRY
FROZEN FRESH FOR LOCKED IN GOODNESS
МЕТ РА СИ КО СА МАВ НОСОМ СИВ.
Hawalian
ROuy
COOk
SMIN
Порир 9 0
FROZEN FR
Mc Cam
JULIENNE MARRO
PINEAPP
et
100 g
productan","0.829",""
"lib/training data/IMG_3122 4.jpeg","RITEE
RITE:
750 g
750 g
PROMISE
750 g
HAWAIRM
PKEVEUSPKT
CAN HRVSEM
4499฿
700G PACK
net-
SOUT
*net
RY
IN GOODNESS
STIR FRY
FROZEN FRESH FOR LOCKED IN GOODNESS
МЕТ РА СИ КО СА МАВ НОСОМ СИВ.
Hawalian
ROuy
COOk
SMIN
Порир 9 0
FROZEN FR
Mc Cam
JULIENNE MARRO
PINEAPP
et
100 g
productan","0.829",""
"lib/training data/IMG_3122.jpeg","RITEE
RITE:
750 g
750 g
PROMISE
750 g
HAWAIRM
PKEVEUSPKT
CAN HRVSEM
4499฿
700G PACK
net-
SOUT
*net
RY
IN GOODNESS
STIR FRY
FROZEN FRESH FOR LOCKED IN GOODNESS
МЕТ РА СИ КО СА МАВ НОСОМ СИВ.
Hawalian
ROuy
COOk
SMIN
Порир 9 0
FROZEN FR
Mc Cam
JULIENNE MARRO
PINEAPP
et
100 g
productan","0.829",""
"lib/training data/IMG_3123 2.jpeg","FRENCH
FRZ VEG S/FRY
250G PACK
MCAIN HRVSTM
2199
FRZ VEG SIFRY
MCAIN HRVSTM
HAWAIAN
700G PACK
STIR FRY
(RVES
FROZEN FRESH FOR LOCKED IN GOODNESS
4-5
French
PREPARED
S
SUOBESTION
STRENG
FROZEN F
JULIENNE MARR
PINEAPPL
Neg
sliced mus
Gourmet
McCan
French","0.904",""
"lib/training data/IMG_3123.jpeg","FRENCH
FRZ VEG S/FRY
250G PACK
MCAIN HRVSTM
2199
FRZ VEG SIFRY
MCAIN HRVSTM
HAWAIAN
700G PACK
STIR FRY
(RVES
FROZEN FRESH FOR LOCKED IN GOODNESS
4-5
French
PREPARED
S
SUOBESTION
STRENG
FROZEN F
JULIENNE MARR
PINEAPPL
Neg
sliced mus
Gourmet
McCan
French","0.904",""
"lib/training data/IMG_3124 2.jpeg","FRENCH
FRZ VEG S/FRY
MCAIN HRYSTM
2500 PACK
2199
HAWAIAN
FRZ VEG S/FRY
MCAIN HRVSTM
700G PACK
net
STIR FRY
(RVES
FROZEN FRESH FOR LOCKPD IN GOODNESS
2-0
French
HIP TROZIN
SUGGESTION
SERVING
FROZ
JULIENNE N
PINE
Veg
Julienne ca
iced mush
sliced oni
Gourmet
Mc Cam
French","0.929",""
"lib/training data/IMG_3124 3.jpeg","FRENCH
FRZ VEG S/FRY
MCAIN HRYSTM
2500 PACK
2199
HAWAIAN
FRZ VEG S/FRY
MCAIN HRVSTM
700G PACK
net
STIR FRY
(RVES
FROZEN FRESH FOR LOCKPD IN GOODNESS
2-0
French
HIP TROZIN
SUGGESTION
SERVING
FROZ
JULIENNE N
PINE
Veg
Julienne ca
iced mush
sliced oni
Gourmet
Mc Cam
French","0.929",""
"lib/training data/IMG_3124.jpeg","FRENCH
FRZ VEG S/FRY
MCAIN HRYSTM
2500 PACK
2199
HAWAIAN
FRZ VEG S/FRY
MCAIN HRVSTM
700G PACK
net
STIR FRY
(RVES
FROZEN FRESH FOR LOCKPD IN GOODNESS
2-0
French
HIP TROZIN
SUGGESTION
SERVING
FROZ
JULIENNE N
PINE
Veg
Julienne ca
iced mush
sliced oni
Gourmet
Mc Cam
French","0.929",""
"lib/training data/IMG_3125 2.jpeg","FRENCH
FRZ VEG SFRY
250G PACK
MCAIN HRVSTM
2199
HAWALAN
FRZ VEG S/FRY
700G PACK
MCAIN HRVSTM
met
STIR FRY
FROZEN FRESH FOR LOCKED IN GOODNESS
ARRE
4-5
French
SPFROPER
PREPARED
UGGSZION
STRING
FROZE
JULIENNE MA
PINE/
McCan
Gourmet
French","0.892",""
"lib/training data/IMG_3125.jpeg","FRENCH
FRZ VEG SFRY
250G PACK
MCAIN HRVSTM
2199
HAWALAN
FRZ VEG S/FRY
700G PACK
MCAIN HRVSTM
met
STIR FRY
FROZEN FRESH FOR LOCKED IN GOODNESS
ARRE
4-5
French
SPFROPER
PREPARED
UGGSZION
STRING
FROZE
JULIENNE MA
PINE/
McCan
Gourmet
French","0.892",""
